{
  "@microsoft/generator-sharepoint": {
    "plusBeta": false,
    "isCreatingSolution": true,
    "nodeVersion": "18.19.0",
    "sdksVersions": {
      "@microsoft/microsoft-graph-client": "3.0.2",
      "@microsoft/teams-js": "2.12.0"
    },
    "version": "1.19.0",
    "libraryName": "case-study-spfx",
    "libraryId": "d9f33116-fd15-43e7-88b6-30cda1c7db9b",
    "environment": "spo",
    "packageManager": "npm",
    "solutionName": "case-study-spfx",
    "solutionShortDescription": "case-study-spfx description",
    "skipFeatureDeployment": true,
    "isDomainIsolated": false,
    "componentType": "webpart"
  }
}
